id,user_id,full_name,email,name,resume_url,role_id,organization_id,status,created_at,application_id
f6e172b0-34ad-4792-9e9f-891d9f9088ad,e1a501a8-aea7-4682-ace8-a8afe778c9af,,alex.smith@example.com,asmitadahal390,https://cpxdambmhkiouhlmtteh.supabase.co/storage/v1/object/sign/resumes/e1a501a8-aea7-4682-ace8-a8afe778c9af/1757925105549_test-resume-rn.pdf?token=eyJraWQiOiJzdG9yYWdlLXVybC1zaWduaW5nLWtleV9jMzA0Yzg2Ny0wNGRkLTRhMjQtYTFhMi1jOWE2NmM0ZTM0MmEiLCJhbGciOiJIUzI1NiJ9.eyJ1cmwiOiJyZXN1bWVzL2UxYTUwMWE4LWFlYTctNDY4Mi1hY2U4LWE4YWZlNzc4YzlhZi8xNzU3OTI1MTA1NTQ5X3Rlc3QtcmVzdW1lLXJuLnBkZiIsImlhdCI6MTc1NzkyNTEwOCwiZXhwIjoxNzU3OTI2OTA4fQ.WfPBm8m6yrDRrS9h7-IB7RI6kUmUkbmwu1PGI6aIXlM,,,parsed,2025-09-13T12:10:32.055743+00:00,
2dfbdb64-922a-4534-9764-7bf0a06147d7,e1a501a8-aea7-4682-ace8-a8afe778c9af,,,asmitadahal390,https://cpxdambmhkiouhlmtteh.supabase.co/storage/v1/object/public/resumes/e1a501a8-aea7-4682-ace8-a8afe778c9af/1757833805488.pdf,8fe3a1a0-d5b4-4c35-8be6-1df74c124698,5348013a-7e3c-43e4-9136-68dfc2398a3e,uploaded,2025-09-13T11:20:55.242814+00:00,
0c56b6c2-72db-4704-88a2-1632c818b2d7,e1a501a8-aea7-4682-ace8-a8afe778c9af,,,asmitadahal390,https://cpxdambmhkiouhlmtteh.supabase.co/storage/v1/object/public/resumes/e1a501a8-aea7-4682-ace8-a8afe778c9af/1757833805488.pdf,c734248f-d872-433a-a73e-c42b2b7ce512,5348013a-7e3c-43e4-9136-68dfc2398a3e,pending,2025-09-14T07:10:19.201575+00:00,
24aaa2e4-15d8-4c05-9e1c-b21aec738a9b,e1a501a8-aea7-4682-ace8-a8afe778c9af,,asmitadahal390@gmail.com,Unnamed Candidate,https://cpxdambmhkiouhlmtteh.supabase.co/storage/v1/object/public/resumes/e1a501a8-aea7-4682-ace8-a8afe778c9af/1757850088634_test-resume-rn.pdf,,,uploaded,2025-09-14T11:41:32.98265+00:00,
2b12acda-9036-463d-8da7-49dbaee06c88,e1a501a8-aea7-4682-ace8-a8afe778c9af,,,asmitadahal390,https://cpxdambmhkiouhlmtteh.supabase.co/storage/v1/object/public/resumes/e1a501a8-aea7-4682-ace8-a8afe778c9af/1757850088634_test-resume-rn.pdf,c734248f-d872-433a-a73e-c42b2b7ce512,5348013a-7e3c-43e4-9136-68dfc2398a3e,pending,2025-09-14T11:41:45.41609+00:00,
774767b2-ba63-47a9-ad1c-2f2e995b9070,e1a501a8-aea7-4682-ace8-a8afe778c9af,,asmitadahal390@gmail.com,Unnamed Candidate,https://cpxdambmhkiouhlmtteh.supabase.co/storage/v1/object/public/resumes/e1a501a8-aea7-4682-ace8-a8afe778c9af/1757850799347_test-resume-rn.pdf,,,uploaded,2025-09-14T11:53:23.451887+00:00,
7e97d32f-9fbe-4a03-a3c6-7d132d63d6ac,e1a501a8-aea7-4682-ace8-a8afe778c9af,,,asmitadahal390,https://cpxdambmhkiouhlmtteh.supabase.co/storage/v1/object/public/resumes/e1a501a8-aea7-4682-ace8-a8afe778c9af/1757850799347_test-resume-rn.pdf,8fe3a1a0-d5b4-4c35-8be6-1df74c124698,5348013a-7e3c-43e4-9136-68dfc2398a3e,pending,2025-09-14T11:53:30.181506+00:00,
319e3c05-4fdc-4ac6-954b-9d6aa1013548,e1a501a8-aea7-4682-ace8-a8afe778c9af,,asmitadahal390@gmail.com,Unnamed Candidate,https://cpxdambmhkiouhlmtteh.supabase.co/storage/v1/object/public/resumes/e1a501a8-aea7-4682-ace8-a8afe778c9af/1757850867691_test-resume-rn.pdf,,,uploaded,2025-09-14T11:54:31.530384+00:00,
7b8344e0-f9a8-4c66-8bec-5549a9acdfe1,e1a501a8-aea7-4682-ace8-a8afe778c9af,,,asmitadahal390,https://cpxdambmhkiouhlmtteh.supabase.co/storage/v1/object/public/resumes/e1a501a8-aea7-4682-ace8-a8afe778c9af/1757850867691_test-resume-rn.pdf,c734248f-d872-433a-a73e-c42b2b7ce512,5348013a-7e3c-43e4-9136-68dfc2398a3e,pending,2025-09-14T11:54:38.277823+00:00,
644640e7-e5d5-4460-97e0-246acee95d49,e1a501a8-aea7-4682-ace8-a8afe778c9af,,asmitadahal390@gmail.com,Unnamed Candidate,https://cpxdambmhkiouhlmtteh.supabase.co/storage/v1/object/public/resumes/e1a501a8-aea7-4682-ace8-a8afe778c9af/1757852601594_test-resume-rn.pdf,,,uploaded,2025-09-14T12:23:25.745585+00:00,
801c21b3-d8cc-4d8d-ad1b-656380b400f9,e1a501a8-aea7-4682-ace8-a8afe778c9af,,,asmitadahal390,https://cpxdambmhkiouhlmtteh.supabase.co/storage/v1/object/public/resumes/e1a501a8-aea7-4682-ace8-a8afe778c9af/1757852601594_test-resume-rn.pdf,c734248f-d872-433a-a73e-c42b2b7ce512,5348013a-7e3c-43e4-9136-68dfc2398a3e,pending,2025-09-14T12:23:36.556068+00:00,
c8443679-f4eb-4544-9cb0-a206c684daff,e1a501a8-aea7-4682-ace8-a8afe778c9af,,asmitadahal390@gmail.com,Unnamed Candidate,https://cpxdambmhkiouhlmtteh.supabase.co/storage/v1/object/public/resumes/e1a501a8-aea7-4682-ace8-a8afe778c9af/1757853980079_test-resume-rn.pdf,,,uploaded,2025-09-14T12:46:24.097594+00:00,
a19f191b-69f8-45b9-8fb7-756f5435fa67,e1a501a8-aea7-4682-ace8-a8afe778c9af,,asmitadahal390@gmail.com,Unnamed Candidate,https://cpxdambmhkiouhlmtteh.supabase.co/storage/v1/object/public/resumes/e1a501a8-aea7-4682-ace8-a8afe778c9af/1757893597705_test-resume-rn.pdf,,,uploaded,2025-09-14T23:46:44.724623+00:00,
91f76073-6d47-4f66-89c3-dfdc72ac9262,e1a501a8-aea7-4682-ace8-a8afe778c9af,,,asmitadahal390,https://cpxdambmhkiouhlmtteh.supabase.co/storage/v1/object/public/resumes/e1a501a8-aea7-4682-ace8-a8afe778c9af/1757893597705_test-resume-rn.pdf,8fe3a1a0-d5b4-4c35-8be6-1df74c124698,5348013a-7e3c-43e4-9136-68dfc2398a3e,pending,2025-09-14T23:47:01.996607+00:00,
60f2fa38-495c-40f6-84c1-4f6751ddc581,e1a501a8-aea7-4682-ace8-a8afe778c9af,,asmitadahal390@gmail.com,Unnamed Candidate,https://cpxdambmhkiouhlmtteh.supabase.co/storage/v1/object/public/resumes/e1a501a8-aea7-4682-ace8-a8afe778c9af/1757894447753_test-resume-rn.pdf,,,uploaded,2025-09-15T00:00:52.042873+00:00,
54d41caa-e588-46bb-996a-ef88c4b0cf9c,e1a501a8-aea7-4682-ace8-a8afe778c9af,,,asmitadahal390,https://cpxdambmhkiouhlmtteh.supabase.co/storage/v1/object/public/resumes/e1a501a8-aea7-4682-ace8-a8afe778c9af/1757894447753_test-resume-rn.pdf,8fe3a1a0-d5b4-4c35-8be6-1df74c124698,5348013a-7e3c-43e4-9136-68dfc2398a3e,pending,2025-09-15T00:00:59.703271+00:00,
cbf448a5-b4ab-4cbd-9992-dd18851efe36,e1a501a8-aea7-4682-ace8-a8afe778c9af,,asmitadahal390@gmail.com,Unnamed Candidate,https://cpxdambmhkiouhlmtteh.supabase.co/storage/v1/object/public/resumes/e1a501a8-aea7-4682-ace8-a8afe778c9af/1757895857596_resume%20%20(1).docx,,,uploaded,2025-09-15T00:24:22.201435+00:00,
02e5f6af-829d-4972-8984-4550b541353e,e1a501a8-aea7-4682-ace8-a8afe778c9af,,asmitadahal390@gmail.com,Unnamed Candidate,https://cpxdambmhkiouhlmtteh.supabase.co/storage/v1/object/public/resumes/e1a501a8-aea7-4682-ace8-a8afe778c9af/1757895870789_test-resume-rn.pdf,,,uploaded,2025-09-15T00:24:34.652839+00:00,
db840f0e-158e-42d8-a9bc-6c349ca070e9,e1a501a8-aea7-4682-ace8-a8afe778c9af,,asmitadahal390@gmail.com,Unnamed Candidate,https://cpxdambmhkiouhlmtteh.supabase.co/storage/v1/object/public/resumes/e1a501a8-aea7-4682-ace8-a8afe778c9af/1757896799307_test-resume-rn.pdf,,,uploaded,2025-09-15T00:40:03.671073+00:00,
2fc6b349-3bb2-4609-80f6-d9ef429e2e9f,e1a501a8-aea7-4682-ace8-a8afe778c9af,,,asmitadahal390,https://cpxdambmhkiouhlmtteh.supabase.co/storage/v1/object/public/resumes/e1a501a8-aea7-4682-ace8-a8afe778c9af/1757896799307_test-resume-rn.pdf,8fe3a1a0-d5b4-4c35-8be6-1df74c124698,5348013a-7e3c-43e4-9136-68dfc2398a3e,pending,2025-09-15T00:40:13.195767+00:00,
d9ab2758-74f5-45bb-8ab7-51882ce28f1b,e1a501a8-aea7-4682-ace8-a8afe778c9af,,asmitadahal390@gmail.com,Unnamed Candidate,https://cpxdambmhkiouhlmtteh.supabase.co/storage/v1/object/public/resumes/e1a501a8-aea7-4682-ace8-a8afe778c9af/1757900073417_resume%20%20(1).docx,,,uploaded,2025-09-15T01:34:38.548577+00:00,
319ee61e-eae0-4e76-84e0-4a243180464f,e1a501a8-aea7-4682-ace8-a8afe778c9af,,asmitadahal390@gmail.com,Unnamed Candidate,https://cpxdambmhkiouhlmtteh.supabase.co/storage/v1/object/public/resumes/e1a501a8-aea7-4682-ace8-a8afe778c9af/1757900633135_resume%20%20(1).docx,,,uploaded,2025-09-15T01:43:58.005918+00:00,
457e7f88-2f51-43d7-89c8-6aecd39874a8,e1a501a8-aea7-4682-ace8-a8afe778c9af,,jane.smith@acme.com,asmitadahal390,https://cpxdambmhkiouhlmtteh.supabase.co/storage/v1/object/public/resumes/e1a501a8-aea7-4682-ace8-a8afe778c9af/1757905161608_resume%20%20(1).docx,,,uploaded,2025-09-14T12:46:33.076588+00:00,
90eae3d4-e269-45fc-9f1d-f5256a7a3c53,e1a501a8-aea7-4682-ace8-a8afe778c9af,,,asmitadahal390,https://cpxdambmhkiouhlmtteh.supabase.co/storage/v1/object/public/resumes/e1a501a8-aea7-4682-ace8-a8afe778c9af/1757905285271_resume%20%20(1).docx,,,uploaded,2025-09-13T11:26:37.364598+00:00,
66b1f2fc-a1c1-4fea-87f0-003b97227e71,e1a501a8-aea7-4682-ace8-a8afe778c9af,,alex.smith@example.com,asmitadahal390,https://cpxdambmhkiouhlmtteh.supabase.co/storage/v1/object/public/resumes/e1a501a8-aea7-4682-ace8-a8afe778c9af/1757905297489_test-resume-rn.pdf,,,parsed,2025-09-13T11:27:07.905559+00:00,
5e939a39-0f87-406d-a1a2-8aa4fde6d696,e1a501a8-aea7-4682-ace8-a8afe778c9af,,asmitadahal390@gmail.com,asmitadahal390,https://cpxdambmhkiouhlmtteh.supabase.co/storage/v1/object/public/resumes/e1a501a8-aea7-4682-ace8-a8afe778c9af/1757901576806_resume%20%20(1).docx,,,uploaded,2025-09-15T01:59:40.796805+00:00,
352a2b66-dd5c-4f3c-8bc0-5315c1758abc,e1a501a8-aea7-4682-ace8-a8afe778c9af,,alex.smith@example.com,asmitadahal390,https://cpxdambmhkiouhlmtteh.supabase.co/storage/v1/object/public/resumes/e1a501a8-aea7-4682-ace8-a8afe778c9af/1757901588918_test-resume-rn.pdf,,,parsed,2025-09-15T01:59:52.57616+00:00,
c55a345b-9fd7-467d-a8ff-e6c5361924af,e1a501a8-aea7-4682-ace8-a8afe778c9af,,,asmitadahal390,https://cpxdambmhkiouhlmtteh.supabase.co/storage/v1/object/public/resumes/e1a501a8-aea7-4682-ace8-a8afe778c9af/1757901588918_test-resume-rn.pdf,8fe3a1a0-d5b4-4c35-8be6-1df74c124698,5348013a-7e3c-43e4-9136-68dfc2398a3e,pending,2025-09-15T01:59:59.241934+00:00,
2e454d53-602d-41bb-832a-987cea5611e7,e1a501a8-aea7-4682-ace8-a8afe778c9af,,asmitadahal390@gmail.com,asmitadahal390,https://cpxdambmhkiouhlmtteh.supabase.co/storage/v1/object/public/resumes/e1a501a8-aea7-4682-ace8-a8afe778c9af/1757901666992_resume%20%20(1).docx,,,uploaded,2025-09-15T02:01:10.597058+00:00,
5e103054-922e-4f4e-86ff-ebc6b19380d0,e1a501a8-aea7-4682-ace8-a8afe778c9af,,john@example.com,asmitadahal390,,,,parsed,2025-09-15T02:35:42.609962+00:00,
fd9f9cf5-1cb9-4e95-821a-d20c8b4a20c4,e1a501a8-aea7-4682-ace8-a8afe778c9af,,,asmitadahal390,https://cpxdambmhkiouhlmtteh.supabase.co/storage/v1/object/public/resumes/e1a501a8-aea7-4682-ace8-a8afe778c9af/1757905297489_test-resume-rn.pdf,8fe3a1a0-d5b4-4c35-8be6-1df74c124698,5348013a-7e3c-43e4-9136-68dfc2398a3e,pending,2025-09-15T03:01:46.902904+00:00,
b9c1d2fe-186b-429b-b782-37a4115336a9,e1a501a8-aea7-4682-ace8-a8afe778c9af,,,asmitadahal390,https://cpxdambmhkiouhlmtteh.supabase.co/storage/v1/object/sign/resumes/e1a501a8-aea7-4682-ace8-a8afe778c9af/1757924066502_resume%20%20(1).docx?token=eyJraWQiOiJzdG9yYWdlLXVybC1zaWduaW5nLWtleV9jMzA0Yzg2Ny0wNGRkLTRhMjQtYTFhMi1jOWE2NmM0ZTM0MmEiLCJhbGciOiJIUzI1NiJ9.eyJ1cmwiOiJyZXN1bWVzL2UxYTUwMWE4LWFlYTctNDY4Mi1hY2U4LWE4YWZlNzc4YzlhZi8xNzU3OTI0MDY2NTAyX3Jlc3VtZSAgKDEpLmRvY3giLCJpYXQiOjE3NTc5MjQwNzAsImV4cCI6MTc1NzkyNTg3MH0._uFpdhvEE3YwCw4wvPMlCkwIvE_99gWbvW6YvURmO10,8fe3a1a0-d5b4-4c35-8be6-1df74c124698,5348013a-7e3c-43e4-9136-68dfc2398a3e,pending,2025-09-15T08:14:36.358014+00:00,
24a4ecde-abf2-4f0e-b82c-97451c8f2453,e1a501a8-aea7-4682-ace8-a8afe778c9af,,purakdec@gmail.com,asmitadahal390@gmail.com,https://cpxdambmhkiouhlmtteh.supabase.co/storage/v1/object/sign/resumes/e1a501a8-aea7-4682-ace8-a8afe778c9af/1757916798837_resume%20%20(1).docx?token=eyJraWQiOiJzdG9yYWdlLXVybC1zaWduaW5nLWtleV9jMzA0Yzg2Ny0wNGRkLTRhMjQtYTFhMi1jOWE2NmM0ZTM0MmEiLCJhbGciOiJIUzI1NiJ9.eyJ1cmwiOiJyZXN1bWVzL2UxYTUwMWE4LWFlYTctNDY4Mi1hY2U4LWE4YWZlNzc4YzlhZi8xNzU3OTE2Nzk4ODM3X3Jlc3VtZSAgKDEpLmRvY3giLCJpYXQiOjE3NTc5MTY4MDIsImV4cCI6MTc1NzkxODYwMn0.mB0U9CrDI9GS0qYtkF-5FvpF3B4nAE6CgVQfTwSAzUg,c734248f-d872-433a-a73e-c42b2b7ce512,5348013a-7e3c-43e4-9136-68dfc2398a3e,parsed,2025-09-13T05:57:23.113333+00:00,
9bd6a0c3-c0f0-4187-aff7-072821806ffa,e1a501a8-aea7-4682-ace8-a8afe778c9af,,purakdec@gmail.com,asmitadahal390,https://cpxdambmhkiouhlmtteh.supabase.co/storage/v1/object/sign/resumes/e1a501a8-aea7-4682-ace8-a8afe778c9af/1757919727599_resume%20%20(1).docx?token=eyJraWQiOiJzdG9yYWdlLXVybC1zaWduaW5nLWtleV9jMzA0Yzg2Ny0wNGRkLTRhMjQtYTFhMi1jOWE2NmM0ZTM0MmEiLCJhbGciOiJIUzI1NiJ9.eyJ1cmwiOiJyZXN1bWVzL2UxYTUwMWE4LWFlYTctNDY4Mi1hY2U4LWE4YWZlNzc4YzlhZi8xNzU3OTE5NzI3NTk5X3Jlc3VtZSAgKDEpLmRvY3giLCJpYXQiOjE3NTc5MTk3MzEsImV4cCI6MTc1NzkyMTUzMX0.ZHoQHKQTLJfueN0UTi9rlG5shL0RsZ-0LGWqwGud9sk,,,parsed,2025-09-13T11:54:44.179227+00:00,
ab70f6fd-67b2-4da1-88a0-3896fb258e4f,e1a501a8-aea7-4682-ace8-a8afe778c9af,,purakdec@gmail.com,asmitadahal390,https://cpxdambmhkiouhlmtteh.supabase.co/storage/v1/object/sign/resumes/e1a501a8-aea7-4682-ace8-a8afe778c9af/1757920622693_resume%20%20(1).docx?token=eyJraWQiOiJzdG9yYWdlLXVybC1zaWduaW5nLWtleV9jMzA0Yzg2Ny0wNGRkLTRhMjQtYTFhMi1jOWE2NmM0ZTM0MmEiLCJhbGciOiJIUzI1NiJ9.eyJ1cmwiOiJyZXN1bWVzL2UxYTUwMWE4LWFlYTctNDY4Mi1hY2U4LWE4YWZlNzc4YzlhZi8xNzU3OTIwNjIyNjkzX3Jlc3VtZSAgKDEpLmRvY3giLCJpYXQiOjE3NTc5MjA2MjUsImV4cCI6MTc1NzkyMjQyNX0.owet2vKwwcVULS90uMIfBrLzMNK17_yUPy7aB_DOcjY,,,parsed,2025-09-13T11:20:33.657406+00:00,
64ad5953-a3f1-4923-b63a-49027af80a1e,e1a501a8-aea7-4682-ace8-a8afe778c9af,,,asmitadahal390,https://cpxdambmhkiouhlmtteh.supabase.co/storage/v1/object/sign/resumes/e1a501a8-aea7-4682-ace8-a8afe778c9af/1757921732139_test-resume-rn.pdf?token=eyJraWQiOiJzdG9yYWdlLXVybC1zaWduaW5nLWtleV9jMzA0Yzg2Ny0wNGRkLTRhMjQtYTFhMi1jOWE2NmM0ZTM0MmEiLCJhbGciOiJIUzI1NiJ9.eyJ1cmwiOiJyZXN1bWVzL2UxYTUwMWE4LWFlYTctNDY4Mi1hY2U4LWE4YWZlNzc4YzlhZi8xNzU3OTIxNzMyMTM5X3Rlc3QtcmVzdW1lLXJuLnBkZiIsImlhdCI6MTc1NzkyMTczNSwiZXhwIjoxNzU3OTIzNTM1fQ.L1pHzd-SBPHO_--3AGYlw8aQskZXRi-xvShg5G3szRE,8fe3a1a0-d5b4-4c35-8be6-1df74c124698,5348013a-7e3c-43e4-9136-68dfc2398a3e,pending,2025-09-15T07:35:43.802006+00:00,
8b64821c-b5c2-4ed1-b185-42d1120e25e3,e1a501a8-aea7-4682-ace8-a8afe778c9af,,,asmitadahal390,https://cpxdambmhkiouhlmtteh.supabase.co/storage/v1/object/sign/resumes/e1a501a8-aea7-4682-ace8-a8afe778c9af/1757922148491_test-resume-rn.pdf?token=eyJraWQiOiJzdG9yYWdlLXVybC1zaWduaW5nLWtleV9jMzA0Yzg2Ny0wNGRkLTRhMjQtYTFhMi1jOWE2NmM0ZTM0MmEiLCJhbGciOiJIUzI1NiJ9.eyJ1cmwiOiJyZXN1bWVzL2UxYTUwMWE4LWFlYTctNDY4Mi1hY2U4LWE4YWZlNzc4YzlhZi8xNzU3OTIyMTQ4NDkxX3Rlc3QtcmVzdW1lLXJuLnBkZiIsImlhdCI6MTc1NzkyMjE1MSwiZXhwIjoxNzU3OTIzOTUxfQ.r6VgnYUPTz8he_4VCMrk0E3VP3p29lhfbn6ZVKP-Zfg,8fe3a1a0-d5b4-4c35-8be6-1df74c124698,5348013a-7e3c-43e4-9136-68dfc2398a3e,pending,2025-09-15T07:42:38.948832+00:00,
22a40d8c-4905-478a-af49-0ac0f0ef22f4,e1a501a8-aea7-4682-ace8-a8afe778c9af,,,asmitadahal390,https://cpxdambmhkiouhlmtteh.supabase.co/storage/v1/object/sign/resumes/e1a501a8-aea7-4682-ace8-a8afe778c9af/1757923572172_resume%20%20(1).docx?token=eyJraWQiOiJzdG9yYWdlLXVybC1zaWduaW5nLWtleV9jMzA0Yzg2Ny0wNGRkLTRhMjQtYTFhMi1jOWE2NmM0ZTM0MmEiLCJhbGciOiJIUzI1NiJ9.eyJ1cmwiOiJyZXN1bWVzL2UxYTUwMWE4LWFlYTctNDY4Mi1hY2U4LWE4YWZlNzc4YzlhZi8xNzU3OTIzNTcyMTcyX3Jlc3VtZSAgKDEpLmRvY3giLCJpYXQiOjE3NTc5MjM1NzUsImV4cCI6MTc1NzkyNTM3NX0.G1zLd29bBxyyPFp-z1psdoIT1rFPrbRRnelg_-GI9lQ,c734248f-d872-433a-a73e-c42b2b7ce512,5348013a-7e3c-43e4-9136-68dfc2398a3e,pending,2025-09-15T08:06:24.100182+00:00,
62bb9854-9ad1-4e22-b874-73a0305b542a,e1a501a8-aea7-4682-ace8-a8afe778c9af,,,asmitadahal390,https://cpxdambmhkiouhlmtteh.supabase.co/storage/v1/object/sign/resumes/e1a501a8-aea7-4682-ace8-a8afe778c9af/1757923615584_resume%20%20(1).docx?token=eyJraWQiOiJzdG9yYWdlLXVybC1zaWduaW5nLWtleV9jMzA0Yzg2Ny0wNGRkLTRhMjQtYTFhMi1jOWE2NmM0ZTM0MmEiLCJhbGciOiJIUzI1NiJ9.eyJ1cmwiOiJyZXN1bWVzL2UxYTUwMWE4LWFlYTctNDY4Mi1hY2U4LWE4YWZlNzc4YzlhZi8xNzU3OTIzNjE1NTg0X3Jlc3VtZSAgKDEpLmRvY3giLCJpYXQiOjE3NTc5MjM2MTgsImV4cCI6MTc1NzkyNTQxOH0.9BLjXB368jq0sxLYm6ql_bv7zW_U53QRcqsZ3WG2n7g,8fe3a1a0-d5b4-4c35-8be6-1df74c124698,5348013a-7e3c-43e4-9136-68dfc2398a3e,pending,2025-09-15T08:07:08.965317+00:00,
cb84bc93-dc0e-4df8-a2b1-f7bfe8da758d,e1a501a8-aea7-4682-ace8-a8afe778c9af,,,asmitadahal390,https://cpxdambmhkiouhlmtteh.supabase.co/storage/v1/object/sign/resumes/e1a501a8-aea7-4682-ace8-a8afe778c9af/1757924409571_resume%20%20(1).docx?token=eyJraWQiOiJzdG9yYWdlLXVybC1zaWduaW5nLWtleV9jMzA0Yzg2Ny0wNGRkLTRhMjQtYTFhMi1jOWE2NmM0ZTM0MmEiLCJhbGciOiJIUzI1NiJ9.eyJ1cmwiOiJyZXN1bWVzL2UxYTUwMWE4LWFlYTctNDY4Mi1hY2U4LWE4YWZlNzc4YzlhZi8xNzU3OTI0NDA5NTcxX3Jlc3VtZSAgKDEpLmRvY3giLCJpYXQiOjE3NTc5MjQ0MTIsImV4cCI6MTc1NzkyNjIxMn0.Fsk7qQ6rdMARhSC33P4lPjGArxG0xI_XIyXaSFW74uQ,8fe3a1a0-d5b4-4c35-8be6-1df74c124698,5348013a-7e3c-43e4-9136-68dfc2398a3e,pending,2025-09-15T08:20:18.257672+00:00,
b6d109bb-f83d-46aa-b6b6-4b554ca95106,,,rogersjames@example.net,Aaron Simmons,,,,Hired,2025-11-09T22:53:00.480036+00:00,
65769c70-4e0a-42d8-815a-9adb14be4e37,,,oschmidt@example.org,Chloe Smith,,,,Hired,2025-11-09T22:53:00.527833+00:00,
01343a74-6ca5-473e-b051-d000f14c7e62,,,thodges@example.com,Christopher Wade,,,,Applied,2025-11-09T22:53:00.566148+00:00,
782340b1-6417-487a-8767-2243f004d472,,,livingstonbrian@example.com,Patricia Hanna,,,,Hired,2025-11-09T22:53:00.615081+00:00,
6d1dc2e3-abe0-41d5-b086-4de0bf0744fe,,,nielsenkenneth@example.org,Cody Smith,,,,Interview,2025-11-09T22:53:00.652028+00:00,
9f9a91aa-606a-481a-bc1e-8686b2117fb2,,,evanskara@example.com,Carl Blair,,,,Interview,2025-11-09T22:53:00.689501+00:00,
f092a2ad-a148-4c67-89dd-1a8c8545ea98,,,james38@example.net,Erik Carter,,,,Interview,2025-11-09T22:53:00.736459+00:00,
e6d641b0-6280-41ef-b315-c5e65d2c0453,,,oliverraven@example.org,Katie Rich,,,,Interview,2025-11-09T22:53:00.791428+00:00,
47a60abe-f09d-4fb8-bfb0-cd55b92b9f62,,,michael28@example.org,Kristina Lewis,,,,Hired,2025-11-09T22:53:00.832628+00:00,
68464097-6e8d-405d-8081-3c7332077ed1,,,martinezjustin@example.net,Thomas Caldwell,,,,Hired,2025-11-09T22:53:00.880272+00:00,
671cd03e-f0f9-4dda-8ab4-a3ab5e8b1211,e1a501a8-aea7-4682-ace8-a8afe778c9af,,,asmitadahal390,https://cpxdambmhkiouhlmtteh.supabase.co/storage/v1/object/sign/resumes/e1a501a8-aea7-4682-ace8-a8afe778c9af/1757924989496_resume%20%20(1).docx?token=eyJraWQiOiJzdG9yYWdlLXVybC1zaWduaW5nLWtleV9jMzA0Yzg2Ny0wNGRkLTRhMjQtYTFhMi1jOWE2NmM0ZTM0MmEiLCJhbGciOiJIUzI1NiJ9.eyJ1cmwiOiJyZXN1bWVzL2UxYTUwMWE4LWFlYTctNDY4Mi1hY2U4LWE4YWZlNzc4YzlhZi8xNzU3OTI0OTg5NDk2X3Jlc3VtZSAgKDEpLmRvY3giLCJpYXQiOjE3NTc5MjQ5OTIsImV4cCI6MTc1NzkyNjc5Mn0.wGpmyi0bQrQF8igyXl6MpEyPQtsBnPZr21_66wNkeLo,8fe3a1a0-d5b4-4c35-8be6-1df74c124698,5348013a-7e3c-43e4-9136-68dfc2398a3e,pending,2025-09-15T08:29:58.313017+00:00,
e3aea5e2-37bf-48b9-8c0a-aae1336ae8cf,e1a501a8-aea7-4682-ace8-a8afe778c9af,,,asmitadahal390,https://cpxdambmhkiouhlmtteh.supabase.co/storage/v1/object/sign/resumes/e1a501a8-aea7-4682-ace8-a8afe778c9af/1757925105549_test-resume-rn.pdf?token=eyJraWQiOiJzdG9yYWdlLXVybC1zaWduaW5nLWtleV9jMzA0Yzg2Ny0wNGRkLTRhMjQtYTFhMi1jOWE2NmM0ZTM0MmEiLCJhbGciOiJIUzI1NiJ9.eyJ1cmwiOiJyZXN1bWVzL2UxYTUwMWE4LWFlYTctNDY4Mi1hY2U4LWE4YWZlNzc4YzlhZi8xNzU3OTI1MTA1NTQ5X3Rlc3QtcmVzdW1lLXJuLnBkZiIsImlhdCI6MTc1NzkyNTEwOCwiZXhwIjoxNzU3OTI2OTA4fQ.WfPBm8m6yrDRrS9h7-IB7RI6kUmUkbmwu1PGI6aIXlM,8fe3a1a0-d5b4-4c35-8be6-1df74c124698,5348013a-7e3c-43e4-9136-68dfc2398a3e,pending,2025-09-15T08:31:52.72314+00:00,
ca1293fb-ae8b-449f-beaf-396b30aced9a,0cdda4ef-b66f-4eeb-a97a-dce67930f881,,purakdec@gmail.com,Purak Dhakal,,,,pending,2025-09-16T00:20:39.295746+00:00,
f1a73a60-8955-4925-a3d1-61689433cad8,,Purak Dhakal,purakdec@gmail.com,Unnamed Candidate,,,,pending,2025-09-22T03:21:19.666116+00:00,2e0ad412-8b21-4a2c-982c-ab6cd3e261bf
6a05ab58-16d0-4a11-9774-00953caea8d6,,,ugarcia@example.com,Michael Bennett,,,,Shortlisted,2025-11-09T22:52:56.784718+00:00,
2ea39537-10a4-4836-a281-53e28e650892,,,trevorcastillo@example.com,Kayla Curtis,,,,Shortlisted,2025-11-09T22:52:57.669171+00:00,
2f5f704f-bb4c-4ec9-978d-67900596ba40,,,shelleyroy@example.org,Alison Torres PhD,,,,Applied,2025-11-09T22:52:57.717542+00:00,
16cc141d-375b-4efe-88d6-2c505eba1cb4,,,bharris@example.org,Justin Hunt,,,,Interview,2025-11-09T22:52:57.767896+00:00,
8ec05d0a-c1c1-4fdd-b6f5-aa9468b849a4,,,qtorres@example.net,Kenneth Mcguire,,,,Interview,2025-11-09T22:52:57.815861+00:00,
6c528e3d-bd3a-44ac-8f35-1b3e26be8cf4,,,upatel@example.net,Jessica Cruz,,,,Interview,2025-11-09T22:52:57.887583+00:00,
dfe4b1d2-d855-4e86-a090-507d795bce68,,,lisasmith@example.net,Elizabeth Stevens,,,,Applied,2025-11-09T22:52:58.019574+00:00,
bfe88f06-061d-4dc4-9a60-3c8cf660f4c3,,,morganryan@example.net,Jose Harris,,,,Shortlisted,2025-11-09T22:52:58.066068+00:00,
c74f6fac-85ef-453c-a752-3b5a724c52bd,,,snowadrian@example.com,Robert Boyd,,,,Applied,2025-11-09T22:52:58.144663+00:00,
85a608c9-c076-46a8-99e8-0ae86e784494,,,stephenwilson@example.net,Pamela Lam,,,,Hired,2025-11-09T22:52:58.18601+00:00,
3ceee42a-302f-447c-8195-81ba3689c10f,,,cwilkinson@example.com,Jeff Wheeler,,,,Applied,2025-11-09T22:52:58.229282+00:00,
376dd950-5b7c-4aaf-b975-15b0c4ef25bc,,,jeff89@example.org,Jessica Morse,,,,Hired,2025-11-09T22:52:58.305666+00:00,
e117a0e3-bc3e-47a0-b588-11e4c9565f05,,,diazholly@example.org,Terry Dodson,,,,Applied,2025-11-09T22:52:58.352569+00:00,
c0aa2338-79b1-4e70-b29a-395a70b51b38,,,taylordavid@example.net,Benjamin Jackson,,,,Applied,2025-11-09T22:52:58.394628+00:00,
483d1e34-50b3-40db-9490-e24a2d127011,,,robinsonjustin@example.org,Ashley Stafford,,,,Shortlisted,2025-11-09T22:52:58.464953+00:00,
f43425bd-5496-402f-9e83-b3e1e09caad4,,,mason91@example.net,Carl Williams,,,,Interview,2025-11-09T22:52:58.502359+00:00,
5dc6735f-5fcd-48a3-b375-c5ed89e76e3f,,,stacey47@example.com,Crystal Williamson,,,,Applied,2025-11-09T22:52:58.545694+00:00,
532c8c95-c246-47b9-9367-1a5294acbfa3,,,gutierrezchristina@example.com,Emily Mcdonald,,,,Hired,2025-11-09T22:52:58.589681+00:00,
b5239319-1ee3-4a13-877b-aa00d334fdab,,,sancheznicholas@example.com,Damon Smith,,,,Applied,2025-11-09T22:52:58.63459+00:00,
186cd0c2-f108-4d7d-930a-d734de9f48ce,,,millssara@example.net,Doris Jackson,,,,Interview,2025-11-09T22:52:58.674333+00:00,
4e4909b5-a060-4d67-9228-25e27b1a0d92,,,larsonlindsay@example.net,Melinda Wagner,,,,Hired,2025-11-09T22:52:58.726952+00:00,
1b54050c-972c-48bc-b7a5-8b081a5b7a92,,,matthewgonzalez@example.com,James Lindsey,,,,Applied,2025-11-09T22:52:58.772333+00:00,
e8dc6d9c-baf2-47ea-86dd-1b346c62fc04,,,maria53@example.org,Alicia Galvan,,,,Shortlisted,2025-11-09T22:52:58.823615+00:00,
c3a57a30-b4d7-4c61-95f6-7d764c89d0d8,,,ngonzalez@example.com,Christopher Hill,,,,Interview,2025-11-09T22:52:58.871069+00:00,
f59603e4-a9db-4742-adf8-dc08cfbdd933,,,hhill@example.org,Austin Coffey,,,,Applied,2025-11-09T22:52:58.922981+00:00,
7d244a25-5dc1-4efc-ab34-5d6a5c6b87f5,,,srichardson@example.org,Jacob Stanley,,,,Shortlisted,2025-11-09T22:52:58.970181+00:00,
de7f90fd-dbd5-4570-a2a4-fb43e4a0d0c9,,,davislarry@example.org,Julie Lee,,,,Shortlisted,2025-11-09T22:52:59.015379+00:00,
2cba4895-de47-4c99-83cc-d64aff879f24,,,nicholsrobert@example.org,Karen Wood,,,,Shortlisted,2025-11-09T22:52:59.053881+00:00,
a1f226f4-cc3d-42fc-abdf-0ded17c4e4dd,,,uramirez@example.org,Samantha Nichols,,,,Interview,2025-11-09T22:52:59.104917+00:00,
c38b3931-70a5-4291-b4ee-258e18d01f8e,,,justinmoore@example.com,Angela Escobar,,,,Shortlisted,2025-11-09T22:52:59.150502+00:00,
64a98341-6962-498c-b02f-b50ed5d8a0e4,,,justin50@example.org,Jeffrey Diaz,,,,Interview,2025-11-09T22:52:59.204028+00:00,
12cfb581-e1fb-49d4-9bd8-c594f79c24e4,,,ogonzalez@example.org,Catherine Gomez,,,,Interview,2025-11-09T22:52:59.24779+00:00,
b7da56ca-4f98-4dc1-8c12-124f4ca628db,,,jenniferwagner@example.org,Joseph Wolf,,,,Hired,2025-11-09T22:52:59.291577+00:00,
55f2bdbc-4377-4c14-abfc-dece873cab49,,,tjones@example.org,Michael Riley,,,,Applied,2025-11-09T22:52:59.350622+00:00,
4f41e4d3-db22-4984-8d57-f2f3e6744c23,,,eric55@example.com,Philip Gallegos,,,,Applied,2025-11-09T22:52:59.396173+00:00,
c9a9151b-ad79-455f-bf83-83ca0b4d32bd,,,steven25@example.com,Andrew Brown,,,,Interview,2025-11-09T22:52:59.442703+00:00,
329fd46a-88b4-4bda-b416-e00547376663,,,jimenezjason@example.net,Jeanette George,,,,Hired,2025-11-09T22:52:59.483272+00:00,
11dffe02-07f0-455a-be91-1ab4fe80c648,,,danielclark@example.net,Nancy Trujillo,,,,Shortlisted,2025-11-09T22:52:59.527027+00:00,
eb8672e4-7615-4e98-8be7-f734d9c1fe08,,,patricia41@example.com,Tracy Skinner,,,,Hired,2025-11-09T22:52:59.608326+00:00,
bb221b6d-91b8-49d4-b9a0-6291b744f507,,,rogersnatalie@example.net,Shannon Montgomery,,,,Shortlisted,2025-11-09T22:52:59.649752+00:00,
5b3f118f-b2cc-40a8-be69-ccbd49125114,,,garcialisa@example.net,Deanna Barnes,,,,Shortlisted,2025-11-09T22:52:59.693351+00:00,
022cbc96-d4a7-40b4-8349-dc0d3569967e,,,gonzalezjenna@example.net,Clayton Knox,,,,Hired,2025-11-09T22:52:59.734817+00:00,
2dde21b5-d41b-46d9-8e35-e87456b0f4fe,,,thompsonedward@example.net,Robert Brooks,,,,Shortlisted,2025-11-09T22:52:59.776065+00:00,
f9470f9a-918c-45f6-9619-cfd3888eeae6,,,kristaking@example.org,Courtney Hernandez,,,,Interview,2025-11-09T22:52:59.81715+00:00,
7d48441d-6816-497b-b73e-1ecd25cc4624,,,vmorgan@example.com,Mercedes Smith,,,,Interview,2025-11-09T22:52:59.85391+00:00,
76fa3730-ee51-4dfb-b53d-08e30ac4e5c2,,,nwatson@example.org,Richard Miller,,,,Hired,2025-11-09T22:52:59.895863+00:00,
a0dae7a8-0d76-4ed6-b84d-2438a9b002f2,,,angeladuarte@example.net,Teresa Johnson,,,,Applied,2025-11-09T22:52:59.936418+00:00,
97e7c396-2d21-4fdd-9dbc-b61802800535,,,lyoung@example.org,Tamara Powers,,,,Shortlisted,2025-11-09T22:52:59.98124+00:00,
1353f0fc-6c7d-46d3-b064-4414f8327d54,,,perezbrian@example.net,Jacqueline Moore,,,,Shortlisted,2025-11-09T22:53:00.023887+00:00,
a78c4d55-1bac-47f1-bf4a-731eb2a5c57b,,,gibbskathleen@example.net,Kathy Pineda,,,,Interview,2025-11-09T22:53:00.066452+00:00,
bf17da2d-5396-4193-976a-6012a33578fb,,,lewissamuel@example.org,Christina Cunningham,,,,Interview,2025-11-09T22:53:00.103032+00:00,
7b76c874-833c-4d33-a625-dbf0d740ff5c,,,ralexander@example.com,Dennis Romero,,,,Shortlisted,2025-11-09T22:53:00.14236+00:00,
bf99d3a5-7c95-4c2e-88f7-0db87a3db163,,,josephjones@example.net,John Hayes,,,,Hired,2025-11-09T22:53:00.187033+00:00,
a46594e5-d3fd-453c-8a22-d4edae3e8313,,,tvasquez@example.com,Steven Mann,,,,Applied,2025-11-09T22:53:00.223258+00:00,
f7dcf6b0-ac38-4974-8585-cc3149d17a92,,,shannon18@example.org,Susan Hall MD,,,,Shortlisted,2025-11-09T22:53:00.257954+00:00,
c0b1eb9c-de64-4d6a-96fa-56db22f250f3,,,allison50@example.org,Peggy Bailey,,,,Applied,2025-11-09T22:53:00.292946+00:00,
af91c788-586f-4f18-9940-d17f40448ce1,,,hernandezelizabeth@example.org,Rebekah Miller,,,,Interview,2025-11-09T22:53:00.332854+00:00,
e2ef8eab-a243-4c79-84e9-7e88a8291c0c,,,taramartin@example.org,Ana Martin,,,,Shortlisted,2025-11-09T22:53:00.374789+00:00,
2d3ab50d-2eed-49f2-b171-de0e7755687d,,,marcus41@example.org,Craig Coleman,,,,Shortlisted,2025-11-09T22:53:00.410851+00:00,
f885c6f3-64bb-4ae3-9b68-e3a993d86c18,,,daniel34@example.com,Justin Matthews,,,,Hired,2025-11-09T22:53:00.446097+00:00,
4f005f2d-7ef9-4394-b4f8-3d253e0e3363,,,pottermeghan@example.com,Gerald Price,,,,Hired,2025-11-09T22:53:00.916804+00:00,
57762c71-cf4f-4cda-8ad5-547d167c784c,,,montgomeryjohn@example.net,Kurt Wright,,,,Hired,2025-11-09T22:53:00.958905+00:00,
dfc138e4-c1a0-4278-8413-38daa75758f7,,,watersrobert@example.org,Denise Silva,,,,Hired,2025-11-09T22:53:00.999962+00:00,
1f435682-8e02-44fa-87bf-53d8836c7755,,,dicksonadriana@example.org,Natalie Hurley,,,,Applied,2025-11-09T22:53:01.046651+00:00,
e1b7aaac-c3db-4f05-a3a2-bf2020301d7b,,,mthompson@example.org,Nicolas Dunlap,,,,Applied,2025-11-09T22:53:01.091044+00:00,
297cf72a-4b6b-457c-a365-9b2ecb29c1e7,,,taylorvillarreal@example.net,Cody Perry,,,,Interview,2025-11-09T22:53:01.133564+00:00,
20b831fb-12f9-47ae-baff-71d3628c5750,,,rkelley@example.net,Maria Stevenson,,,,Shortlisted,2025-11-09T22:53:01.174579+00:00,
d05744e8-9f1c-4fda-a4ed-e407b9749e84,,,kristen85@example.org,Christina Wilkinson,,,,Applied,2025-11-09T22:53:01.249031+00:00,
62e98453-2f42-41d4-9c01-155d2116db4d,,,ballardmanuel@example.com,Christopher Robertson,,,,Applied,2025-11-09T22:53:01.300944+00:00,
73880c80-3f41-4ef0-8863-cace21a0e82b,,,walkermark@example.org,Kara Dawson,,,,Interview,2025-11-09T22:53:01.346072+00:00,
43a95069-4849-4ecb-b51d-ed8ab052f0cd,,,anthony73@example.com,Jeremy Boyle,,,,Hired,2025-11-09T22:53:01.387183+00:00,
b64a4258-6f10-4eb2-b607-63e81c849263,,,dixonwesley@example.com,Kerry Wright,,,,Shortlisted,2025-11-09T22:53:01.429115+00:00,
2209ed3c-8cbd-4c91-b070-4393063624dc,,,wlawson@example.net,Monica Thomas,,,,Hired,2025-11-09T22:53:01.465508+00:00,
b6c17236-ec24-462d-9de1-ea97b1490274,,,qjacobson@example.net,Connor Vega,,,,Hired,2025-11-09T22:53:01.505744+00:00,
9f6071ef-4f50-49fe-b518-26916796f1ad,,,ctaylor@example.org,Christian Garcia,,,,Shortlisted,2025-11-09T22:53:01.549324+00:00,
a7e11a8c-3011-4d84-8140-82713e4e2cbc,,,hward@example.org,Abigail Shaw,,,,Hired,2025-11-09T22:53:01.602079+00:00,
bff2103b-623d-49b9-8bf2-75c028547a6a,,,nhernandez@example.net,William Pittman,,,,Shortlisted,2025-11-09T22:53:01.642442+00:00,
674342a3-95af-4576-854c-def5396e2155,,,brettsmith@example.com,David Richardson,,,,Interview,2025-11-09T22:53:01.6799+00:00,
e5f5bf5f-d40d-4108-bd5d-3d72570bd709,,,kingshannon@example.org,Kristin Love,,,,Shortlisted,2025-11-09T22:53:01.712621+00:00,
32dac3aa-8c45-4d5c-a09e-280d1ced84a5,,,cfranklin@example.org,Nicole Burke,,,,Shortlisted,2025-11-09T22:53:01.756178+00:00,
9f607664-2113-4e24-90d6-9fab8d2ec069,,,katie51@example.org,Mr. Aaron Blackwell,,,,Hired,2025-11-09T22:53:01.796885+00:00,
5e8691e7-b22c-4a2a-975d-a39a8f151ccc,,,jduncan@example.com,Mackenzie Olsen,,,,Shortlisted,2025-11-09T22:53:01.833033+00:00,
7950e372-e2d9-4258-b43c-fe8f6a63ec50,,,austinkatie@example.com,Jean Taylor,,,,Hired,2025-11-09T22:53:01.87507+00:00,
59d5508c-9fae-4778-a6ed-051c853b5967,,,miguelchung@example.net,Crystal Marquez,,,,Hired,2025-11-09T22:53:01.920243+00:00,
200d0aa6-5939-4629-9753-62bb23ca92fe,,,kellyphillips@example.net,Jennifer Williams,,,,Hired,2025-11-09T22:53:01.97496+00:00,
3afe1957-c1fe-40d3-af6b-1cc8c7638115,,,leahpayne@example.net,Kimberly Cohen,,,,Interview,2025-11-09T22:53:02.083682+00:00,
811e4536-bcee-456c-b7b5-58e6446234d2,,,elizabeth55@example.org,Wesley Ward,,,,Hired,2025-11-09T22:53:02.15455+00:00,
aa547718-7c15-4508-9a19-3784f622c2e6,,,jamesrandolph@example.com,Bonnie Stevens,,,,Applied,2025-11-09T22:53:02.21779+00:00,
5bc73cd6-9d08-46e0-b95b-09b38f2d33f1,,,jennifer19@example.com,Brittany Patel,,,,Shortlisted,2025-11-09T22:53:02.261196+00:00,
9ea6a19b-cdd3-49cf-b569-4da2c596d898,,,underwooderin@example.com,Edward Williams,,,,Shortlisted,2025-11-09T22:53:02.30311+00:00,
8a8089f1-cabb-4869-8ec5-dcf4c9d2aa17,,,tmcneil@example.net,Shane Lang,,,,Shortlisted,2025-11-09T22:53:50.187414+00:00,
52417727-98c2-44fe-8709-527a31853660,,,angela84@example.net,Lawrence Carr,,,,Shortlisted,2025-11-09T22:53:50.579009+00:00,
2fc29e43-d1a2-4e5c-91c8-c912050d46ef,,,wilsondeanna@example.com,Ryan Anderson,,,,Interview,2025-11-09T22:53:50.627768+00:00,
b1d0ad9f-5d24-4df0-99b1-5bb6623cbd1e,,,edwardslaura@example.com,Caitlin Palmer,,,,Hired,2025-11-09T22:53:50.666965+00:00,
90c0eca5-4d87-4769-b025-de56ce0a5393,,,mscott@example.com,Cody Parks,,,,Hired,2025-11-09T22:53:50.715006+00:00,
ac1901ad-d24b-4247-96cf-3e651ae5ec5c,,,acostanancy@example.com,Christopher Ingram,,,,Shortlisted,2025-11-09T22:53:50.761201+00:00,
d7d80cef-f112-4045-8f0e-304385691e7a,,,hortoncarol@example.org,Bradley Stone,,,,Shortlisted,2025-11-09T22:53:50.801746+00:00,
fd442764-41f6-4e00-a6f0-f189421e0255,,,whitegabriel@example.com,Shawn Simmons,,,,Shortlisted,2025-11-09T22:53:50.846266+00:00,
327d1c99-02d1-4caa-89ba-9964f6067574,,,samuel56@example.com,John Hall,,,,Shortlisted,2025-11-09T22:53:50.881288+00:00,
ba030a21-aa62-4387-8253-5b88d3981633,,,smithelizabeth@example.com,Christopher Solis,,,,Hired,2025-11-09T22:53:50.930445+00:00,
05d39844-7fee-42e9-800d-c8bf5dad4089,,,frankthornton@example.net,William Clements,,,,Interview,2025-11-09T22:53:50.969421+00:00,
d370d13d-dc19-4e6f-afb7-dfa64cc896ee,,,rollinslori@example.com,Joseph Cortez,,,,Hired,2025-11-09T22:53:51.023917+00:00,
e455c210-6c1c-4089-9dbc-2ce85e61a691,,,george89@example.net,Katherine Vargas,,,,Shortlisted,2025-11-09T22:53:51.065166+00:00,
4fe3c458-05b5-4c00-a039-6a95ae42cd0e,,,joseph10@example.net,John Peck,,,,Hired,2025-11-09T22:53:51.111908+00:00,
36cc74d0-042d-4a2f-a468-ac9047e1cb3e,,,butlerbeth@example.com,Edwin Watts,,,,Shortlisted,2025-11-09T22:53:51.149715+00:00,
7505439b-ce44-4117-8ca3-fe2f8a5916ca,,,christopherbrooks@example.org,Margaret Horton,,,,Interview,2025-11-09T22:53:51.217421+00:00,
ff282838-9689-48b9-80e4-dceb65ca28f7,,,robertsonnicholas@example.net,Madison May,,,,Applied,2025-11-09T22:53:51.26409+00:00,
c72c4ffa-4793-4ff9-96e5-522a9208f830,,,josetaylor@example.com,Michael Brown,,,,Hired,2025-11-09T22:53:51.306782+00:00,
74821893-b687-4d9d-95ad-c6c1bdd3d64e,,,kaylajones@example.net,Jenna Kelly,,,,Applied,2025-11-09T22:53:51.352785+00:00,
d3229bbd-7d8a-43b6-b679-9ffa5f80efe6,,,tlarson@example.com,Joshua Green,,,,Applied,2025-11-09T22:53:51.408237+00:00,
afe90b1d-1534-49a6-8f5c-a485ab07931a,,,erica49@example.com,Edward White,,,,Shortlisted,2025-11-09T22:53:51.448631+00:00,
5ebb108d-e4a6-486d-b3ab-4c4c5cf27af3,,,lfrazier@example.org,Andrew Cummings,,,,Hired,2025-11-09T22:53:51.482434+00:00,
b0e811bb-c676-4ec9-b56f-c8d39635977a,,,michaelphelps@example.net,Martin Johnson,,,,Interview,2025-11-09T22:53:51.52293+00:00,
543aef61-8ed8-41ad-b123-9d83990ab87e,,,bbuck@example.com,Tony Madden,,,,Interview,2025-11-09T22:53:51.559291+00:00,
ef92278e-31ab-43e6-a107-2972a76f4a19,,,walkerkaren@example.org,Alexander Hardy,,,,Applied,2025-11-09T22:53:51.597288+00:00,
e95e7da4-0c0b-4366-9c64-3dca9e9da037,,,ldurham@example.org,Steven Bowman,,,,Hired,2025-11-09T22:53:51.6348+00:00,
9c929ee5-78ae-407e-8ea8-740e95624a52,,,michaelyork@example.org,Tara Jones,,,,Hired,2025-11-09T22:53:51.676915+00:00,
a60c4fd8-8a62-483e-bc6c-fc04dc71aab9,,,garciajessica@example.org,Christina Murray,,,,Interview,2025-11-09T22:53:51.713093+00:00,
ae3f442f-9df9-4163-abf3-2f69f1b3abc2,,,paynekatie@example.com,Marcus Carter,,,,Hired,2025-11-09T22:53:51.762946+00:00,
06c1289d-a70c-473f-9fcf-914f00655416,,,tuckerjennifer@example.org,Julia Jones,,,,Applied,2025-11-09T22:53:51.808885+00:00,
a36a0438-9199-4b37-a416-811e1a8a3698,,,lewisbridget@example.net,Jody Kirby MD,,,,Applied,2025-11-09T22:53:51.845153+00:00,
2ed1391a-27b8-403a-bcea-0dd1c40b4050,,,bartlettmatthew@example.org,Kevin Strickland,,,,Interview,2025-11-09T22:53:51.885691+00:00,
82bcfd5c-75b3-4e80-82c4-c4765b44cbed,,,guzmanstephen@example.com,Charles Jarvis,,,,Shortlisted,2025-11-09T22:53:51.919119+00:00,
3fc8c316-e2f8-40d7-82f4-087bbae6c8df,,,larry25@example.org,Christine Welch,,,,Interview,2025-11-09T22:53:51.952586+00:00,
f6d67985-681e-4415-b1a9-fad600000664,,,woodchristian@example.com,Rebecca Allen,,,,Shortlisted,2025-11-09T22:53:51.986055+00:00,
056cff3a-064c-4d1c-97f2-cea34156f389,,,jennifer61@example.net,Nicholas Jones,,,,Hired,2025-11-09T22:53:52.029294+00:00,
fa353ad3-a727-4079-a6af-944bcad416b3,,,msantos@example.com,Adam Watkins,,,,Applied,2025-11-09T22:53:52.061695+00:00,
83029226-7809-46ac-ae4b-6a8732add5d0,,,cpratt@example.org,Gregory Woods,,,,Shortlisted,2025-11-09T22:53:52.102396+00:00,
a28c899b-aacf-49b9-91bb-0261e1288a38,,,josephpaul@example.net,Angel Duncan,,,,Applied,2025-11-09T22:53:52.14718+00:00,
12ddb9f5-e936-4152-bf35-1d9eaf96e2f2,,,davidodonnell@example.com,Alexander Hernandez,,,,Hired,2025-11-09T22:53:52.192207+00:00,
47da241f-8bc5-4813-bc70-7266b019e103,,,reidkevin@example.net,Beth Burton,,,,Shortlisted,2025-11-09T22:53:52.239437+00:00,
b3e80cdd-03b6-4bf4-86da-9d9c49527f47,,,johnmccarthy@example.net,Victor Burch,,,,Interview,2025-11-09T22:53:52.285639+00:00,
bbe0d96e-a9b5-464b-839a-8a6fac2ccabd,,,khernandez@example.net,Jessica Trevino DVM,,,,Interview,2025-11-09T22:53:52.331173+00:00,
c0d690d1-09a3-424a-9d3c-e03255f797ea,,,shannonsherman@example.org,Denise King,,,,Shortlisted,2025-11-09T22:53:52.380318+00:00,
6a3628c6-fe7d-4191-bc49-716da2d1a33c,,,serranostephanie@example.org,Charles Webb,,,,Interview,2025-11-09T22:53:52.4213+00:00,
766c58fd-e1b5-4066-81f2-ef87090042ae,,,loriwolfe@example.com,Jonathan Chapman,,,,Applied,2025-11-09T22:53:52.470192+00:00,
56118445-d958-422c-90f2-ec9fab14fb2c,,,jenningsrenee@example.com,Anthony Willis,,,,Hired,2025-11-09T22:53:52.521812+00:00,
db753d1d-5f9f-4d73-8053-119104bbeb5a,,,tjacobs@example.net,John Smith,,,,Shortlisted,2025-11-09T22:53:52.575703+00:00,
e4f924c3-5fd7-410c-86f0-749dd6a6dad7,,,stephanie08@example.org,Matthew Martinez,,,,Hired,2025-11-09T22:53:52.6168+00:00,
02310c28-19a1-4be5-9a11-1a6d184573f4,,,sara95@example.net,Cheryl Smith,,,,Applied,2025-11-09T22:53:52.650955+00:00,
389f36a3-a12d-42fa-bd6f-8480ef530a5d,,,gharrell@example.com,Michael Ward,,,,Hired,2025-11-09T22:53:52.69554+00:00,
cc5e055e-a2f6-4e74-9885-dd84c18f152f,,,rkim@example.org,Elizabeth Reilly,,,,Shortlisted,2025-11-09T22:53:52.736005+00:00,
a8991b2e-7ef4-45f8-b4e2-727816aa5e75,,,harold69@example.org,Rachel Thomas,,,,Interview,2025-11-09T22:53:52.773148+00:00,
6cb0f7d2-3e3a-46df-b028-ebb06d1be4cb,,,brandon14@example.com,Juan Williams,,,,Applied,2025-11-09T22:53:53.11179+00:00,
347f5a15-6b50-4893-b8dc-b75dfe93d8df,,,christine49@example.org,Heather Huber,,,,Hired,2025-11-09T22:53:53.161576+00:00,
13a477a2-10e3-43fa-9e51-b80cca476187,,,johnsjohn@example.net,Kimberly Fuentes,,,,Hired,2025-11-09T22:53:53.198696+00:00,
ef7e15e1-a3c4-4120-8b20-36062583232d,,,mcdanieljoshua@example.org,Derrick Butler,,,,Hired,2025-11-09T22:53:53.234799+00:00,
7540d75e-def8-4800-a24e-e4324a56f454,,,muellerjason@example.net,Michelle Wilson,,,,Shortlisted,2025-11-09T22:53:53.277185+00:00,
bbe95812-313d-4132-b4bb-1c06ae2cbf41,,,ronald45@example.com,Jordan Jones,,,,Applied,2025-11-09T22:53:53.328917+00:00,
e9ff2127-1104-4270-8f0e-149d513ff90b,,,hernandezcorey@example.net,Kayla Henry,,,,Applied,2025-11-09T22:53:53.374657+00:00,
51c8ab27-0e71-4046-b321-7ce078f5d508,,,brooksjennifer@example.com,Matthew Thornton,,,,Shortlisted,2025-11-09T22:53:53.41175+00:00,
1e3fa641-7a9d-4119-85bf-2d012912a28a,,,taylorthomas@example.org,Eddie Davis,,,,Applied,2025-11-09T22:53:53.449886+00:00,
5d39e6ba-34cb-4fc2-ba8d-56e632f77e2d,,,gonzalezjohn@example.org,Keith Fleming,,,,Hired,2025-11-09T22:53:53.500365+00:00,
007eb8db-cc8c-403b-bdce-6b8cf2279096,,,holmesjulia@example.com,Robert Cuevas,,,,Shortlisted,2025-11-09T22:53:53.540535+00:00,
3b77af33-7818-4034-87f3-b02bf60c569a,,,lhess@example.com,Austin Lee,,,,Interview,2025-11-09T22:53:53.58233+00:00,
7e20faaf-3652-49e5-9500-21c4ef958e75,,,michaelthomas@example.com,Kevin Evans,,,,Hired,2025-11-09T22:53:53.622483+00:00,
1a8ec297-97a4-43c1-ae61-2ec953795f68,,,christine31@example.net,Scott Sanchez,,,,Hired,2025-11-09T22:53:53.661022+00:00,
6a2b4f87-a708-42d3-86ff-3339f0f0e438,,,michaeltaylor@example.com,Anita Wilson,,,,Interview,2025-11-09T22:53:53.710753+00:00,
b891ffc9-af0d-49cb-a418-d26f94bbdc6b,,,benjamin61@example.net,Teresa Mcgee,,,,Shortlisted,2025-11-09T22:53:53.75292+00:00,
ee59ae00-ca77-45d9-ab81-5d9b246e2f00,,,arodriguez@example.org,Diana Wilkerson,,,,Hired,2025-11-09T22:53:53.798919+00:00,
38222104-c14e-4953-ba03-bebf7d5cee06,,,brandy05@example.com,Dawn Hawkins,,,,Interview,2025-11-09T22:53:53.850672+00:00,
2ab664c8-87a3-46ea-a7a5-245d66451c0f,,,paul47@example.com,Susan Wilson,,,,Applied,2025-11-09T22:53:53.895374+00:00,
992b887c-b4a0-48f0-bade-5d0008c9f8dc,,,meganbrooks@example.org,Ryan Young,,,,Shortlisted,2025-11-09T22:53:53.928321+00:00,
54272b33-7061-40e9-b5fa-8c2b6623707b,,,danielmeyers@example.com,Christopher Christensen,,,,Interview,2025-11-09T22:53:53.973439+00:00,
22b07d9e-7de4-411c-bdc8-49a42d619af4,,,jadams@example.net,Paul Shaw,,,,Applied,2025-11-09T22:53:54.011061+00:00,
068222d7-83b1-4a8c-995d-c8eb02f62e6c,,,james66@example.net,Isabel Ross,,,,Interview,2025-11-09T22:53:54.058174+00:00,
d97bbaf8-c0af-44af-b3f5-64b8e086b835,,,lfischer@example.com,Tina Marsh,,,,Hired,2025-11-09T22:53:54.11093+00:00,
bbc53137-186d-4263-9b02-a608e1237b54,,,derrickkramer@example.net,Bruce Murphy,,,,Hired,2025-11-09T22:53:54.152559+00:00,
e1821af3-d0ca-480d-9b20-77840a8c5583,,,smosley@example.net,Luke Brewer,,,,Applied,2025-11-09T22:53:54.205537+00:00,
85b2bdd0-8d3a-4872-abc9-511591e95711,,,cruzdavid@example.com,Darryl Jordan,,,,Hired,2025-11-09T22:53:54.246847+00:00,
8b3e0222-a381-4408-922d-3373c9dbdece,,,devon40@example.net,Diana Kramer,,,,Interview,2025-11-09T22:53:54.286706+00:00,
bcde04af-4b62-422f-a83d-f604b8d101f3,,,richard40@example.org,Mark Davis PhD,,,,Interview,2025-11-09T22:53:54.329511+00:00,
7c326496-34e4-42f2-958a-07b70d99be35,,,jerry95@example.net,Courtney David,,,,Hired,2025-11-09T22:53:54.371415+00:00,
3c37efda-6c01-4d33-b7aa-8aa68b183a28,,,sarah08@example.com,Robert Sanders,,,,Applied,2025-11-09T22:53:54.416512+00:00,
54de8b55-7562-4dc8-81a8-0ba02659ca2f,,,rachellee@example.com,Sarah Gaines,,,,Interview,2025-11-09T22:53:54.453204+00:00,
cacabf99-ee4e-48dd-b7eb-f0b3f384c934,,,jeffreysmith@example.com,Courtney Maynard,,,,Shortlisted,2025-11-09T22:53:54.498211+00:00,
64be0534-4517-4566-8210-a50e9ca9b901,,,benjamin45@example.org,Edward James,,,,Shortlisted,2025-11-09T22:53:54.537154+00:00,
34d8adb1-4e1d-4be9-a798-db2824aabf42,,,caitlin82@example.org,Richard Williams,,,,Hired,2025-11-09T22:53:54.585091+00:00,
5a7e7485-e37c-43fd-ba4d-53c4578630f3,,,pjones@example.org,Roberta Lane,,,,Shortlisted,2025-11-09T22:53:54.636737+00:00,
e67a70bc-8f20-47bf-88b1-b99c2e5cc79f,,,heatherhoffman@example.org,Richard Reynolds,,,,Interview,2025-11-09T22:53:54.680516+00:00,
07696e1b-67da-479b-b6aa-a4a313b72a7a,,,jhoffman@example.com,James Stone,,,,Shortlisted,2025-11-09T22:53:54.729222+00:00,
b8601bcf-132b-4404-bcc8-376bb227bb95,,,barneslaura@example.org,Patrick Brown,,,,Applied,2025-11-09T22:53:54.784745+00:00,
5994de39-0e45-46fe-9b8e-2ed8f6555512,,,katie19@example.com,Katrina White,,,,Hired,2025-11-09T22:53:54.826854+00:00,
27c86a8b-b2f1-44ef-9463-a4ff11cc15d2,,,erika13@example.net,Gail Hopkins,,,,Hired,2025-11-09T22:53:54.879489+00:00,
c0c1a7ab-0d4f-4e0f-b43a-7f3211bdf506,,,rollinsgina@example.com,Adam Webb,,,,Hired,2025-11-09T22:53:54.918349+00:00,
48bad9cf-05f1-4ba5-aeb5-f39ac2cbd848,,,cody37@example.com,Robert Bird,,,,Hired,2025-11-09T22:53:54.962293+00:00,
c8b991e3-3543-47e6-916f-cd729999bbc9,,,ronaldspencer@example.com,Donald Bryant,,,,Applied,2025-11-09T22:53:55.010613+00:00,
956c8e3c-dfd1-484b-a354-57ca2998c8e6,,,rfuentes@example.org,Nicole Luna,,,,Applied,2025-11-09T22:53:55.054035+00:00,
2d063ea9-b15e-40fb-8cc2-dcd7d760ee8b,,,slittle@example.com,Brent Vaughn,,,,Shortlisted,2025-11-09T22:53:55.109898+00:00,
c9ae3de9-4eeb-4f10-ac7d-32e4f04063bf,,,michellesnyder@example.net,Allison Perez,,,,Shortlisted,2025-11-09T22:53:55.167203+00:00,
